Category,Description,Word_Count,Sentence_Count,Technical_Terms,Keywords_Present,Avg_Sentence_Length
Games,Productivity boost with new task management features.,7,1,0,0,7
Games,Get ready for the ultimate gaming experience with bug fixes.,10,1,0,1,10
Entertainment,Stay updated with the latest news in a user-friendly interface.,10,1,0,0,10
Productivity,Productivity boost with new task management features.,7,1,0,0,7
News,Get ready for the ultimate gaming experience with bug fixes.,10,1,0,1,10
News,Enjoy the latest entertainment content with improved performance.,8,1,0,0,8
Social,This release includes new social sharing features.,7,1,0,0,7
News,Stay informed with the latest news and breaking stories.,9,1,0,0,9
Games,Enjoy the latest entertainment content with improved performance.,8,1,0,0,8
Games,New in-app social networking features for better user engagement.,9,1,0,0,9
Social,Enhance your entertainment experience with improved streaming quality.,8,1,0,0,8
News,Enjoy the latest entertainment content with improved performance.,8,1,0,0,8
News,Stay informed with the latest news and breaking stories.,9,1,0,0,9
News,Enhance your entertainment experience with improved streaming quality.,8,1,0,0,8
Productivity,Enhance your entertainment experience with improved streaming quality.,8,1,0,0,8
Games,Stay updated with the latest news in a user-friendly interface.,10,1,0,0,10
Social,This release includes new social sharing features.,7,1,0,0,7
News,Stay informed with the latest news and breaking stories.,9,1,0,0,9
News,Enjoy the latest entertainment content with improved performance.,8,1,0,0,8
Productivity,Productivity boost with new task management features.,7,1,0,0,7
Entertainment,Increase your productivity with our new time management tools.,9,1,0,0,9
Games,New in-app social networking features for better user engagement.,9,1,0,0,9
Social,Stay informed with the latest news and breaking stories.,9,1,0,0,9
Social,Enjoy the latest entertainment content with improved performance.,8,1,0,0,8
News,New in-app social networking features for better user engagement.,9,1,0,0,9
Productivity,Get ready for the ultimate gaming experience with bug fixes.,10,1,0,1,10
Games,Increase your productivity with our new time management tools.,9,1,0,0,9
Productivity,Productivity boost with new task management features.,7,1,0,0,7
News,Enhance your entertainment experience with improved streaming quality.,8,1,0,0,8
Productivity,Bug fixes and performance enhancements for a better gaming experience.,10,1,0,1,10
Productivity,Get ready for the ultimate gaming experience with bug fixes.,10,1,0,1,10
Social,This release includes new social sharing features.,7,1,0,0,7
Games,Enhance your entertainment experience with improved streaming quality.,8,1,0,0,8
Social,Productivity boost with new task management features.,7,1,0,0,7
News,Increase your productivity with our new time management tools.,9,1,0,0,9
Games,Stay updated with the latest news in a user-friendly interface.,10,1,0,0,10
Social,Stay informed with the latest news and breaking stories.,9,1,0,0,9
Productivity,Increase your productivity with our new time management tools.,9,1,0,0,9
Entertainment,Productivity boost with new task management features.,7,1,0,0,7
Productivity,Increase your productivity with our new time management tools.,9,1,0,0,9
Productivity,Get ready for the ultimate gaming experience with bug fixes.,10,1,0,1,10
News,New in-app social networking features for better user engagement.,9,1,0,0,9
Social,Stay informed with the latest news and breaking stories.,9,1,0,0,9
News,Increase your productivity with our new time management tools.,9,1,0,0,9
News,Get ready for the ultimate gaming experience with bug fixes.,10,1,0,1,10
Social,New in-app social networking features for better user engagement.,9,1,0,0,9
Productivity,Increase your productivity with our new time management tools.,9,1,0,0,9
Social,Increase your productivity with our new time management tools.,9,1,0,0,9
Games,Enjoy the latest entertainment content with improved performance.,8,1,0,0,8
Social,Productivity boost with new task management features.,7,1,0,0,7
Entertainment,Enjoy the latest entertainment content with improved performance.,8,1,0,0,8
News,Stay informed with the latest news and breaking stories.,9,1,0,0,9
Games,Stay updated with the latest news in a user-friendly interface.,10,1,0,0,10
Social,Enhance your entertainment experience with improved streaming quality.,8,1,0,0,8
Games,Bug fixes and performance enhancements for a better gaming experience.,10,1,0,1,10
Social,Get ready for the ultimate gaming experience with bug fixes.,10,1,0,1,10
Entertainment,Bug fixes and performance enhancements for a better gaming experience.,10,1,0,1,10
Entertainment,This release includes new social sharing features.,7,1,0,0,7
Games,Bug fixes and performance enhancements for a better gaming experience.,10,1,0,1,10
Games,Stay updated with the latest news in a user-friendly interface.,10,1,0,0,10
Entertainment,Get ready for the ultimate gaming experience with bug fixes.,10,1,0,1,10
Productivity,Productivity boost with new task management features.,7,1,0,0,7
Social,Stay updated with the latest news in a user-friendly interface.,10,1,0,0,10
Entertainment,Increase your productivity with our new time management tools.,9,1,0,0,9
Social,Productivity boost with new task management features.,7,1,0,0,7
Social,Get ready for the ultimate gaming experience with bug fixes.,10,1,0,1,10
Entertainment,Enhance your entertainment experience with improved streaming quality.,8,1,0,0,8
News,Get ready for the ultimate gaming experience with bug fixes.,10,1,0,1,10
Games,Stay informed with the latest news and breaking stories.,9,1,0,0,9
Entertainment,Enhance your entertainment experience with improved streaming quality.,8,1,0,0,8
Productivity,Stay informed with the latest news and breaking stories.,9,1,0,0,9
Productivity,Stay updated with the latest news in a user-friendly interface.,10,1,0,0,10
News,New in-app social networking features for better user engagement.,9,1,0,0,9
Entertainment,Bug fixes and performance enhancements for a better gaming experience.,10,1,0,1,10
Games,Get ready for the ultimate gaming experience with bug fixes.,10,1,0,1,10
Productivity,New in-app social networking features for better user engagement.,9,1,0,0,9
Productivity,Get ready for the ultimate gaming experience with bug fixes.,10,1,0,1,10
Entertainment,Stay informed with the latest news and breaking stories.,9,1,0,0,9
Entertainment,New in-app social networking features for better user engagement.,9,1,0,0,9
Entertainment,Bug fixes and performance enhancements for a better gaming experience.,10,1,0,1,10
Social,Bug fixes and performance enhancements for a better gaming experience.,10,1,0,1,10
Entertainment,New in-app social networking features for better user engagement.,9,1,0,0,9
Social,Stay updated with the latest news in a user-friendly interface.,10,1,0,0,10
Social,Increase your productivity with our new time management tools.,9,1,0,0,9
Entertainment,Enhance your entertainment experience with improved streaming quality.,8,1,0,0,8
Entertainment,Bug fixes and performance enhancements for a better gaming experience.,10,1,0,1,10
Productivity,Bug fixes and performance enhancements for a better gaming experience.,10,1,0,1,10
Games,New in-app social networking features for better user engagement.,9,1,0,0,9
Social,Get ready for the ultimate gaming experience with bug fixes.,10,1,0,1,10
Entertainment,Bug fixes and performance enhancements for a better gaming experience.,10,1,0,1,10
News,Enhance your entertainment experience with improved streaming quality.,8,1,0,0,8
News,Enjoy the latest entertainment content with improved performance.,8,1,0,0,8
Social,Increase your productivity with our new time management tools.,9,1,0,0,9
Productivity,Enjoy the latest entertainment content with improved performance.,8,1,0,0,8
News,Increase your productivity with our new time management tools.,9,1,0,0,9
Productivity,Increase your productivity with our new time management tools.,9,1,0,0,9
Entertainment,New in-app social networking features for better user engagement.,9,1,0,0,9
Games,New in-app social networking features for better user engagement.,9,1,0,0,9
Games,New in-app social networking features for better user engagement.,9,1,0,0,9
Games,Bug fixes and performance enhancements for a better gaming experience.,10,1,0,1,10
Entertainment,New in-app social networking features for better user engagement.,9,1,0,0,9
Entertainment,Bug fixes and performance enhancements for a better gaming experience.,10,1,0,1,10
News,Productivity boost with new task management features.,7,1,0,0,7
Entertainment,New in-app social networking features for better user engagement.,9,1,0,0,9
News,Stay informed with the latest news and breaking stories.,9,1,0,0,9
News,Stay updated with the latest news in a user-friendly interface.,10,1,0,0,10
Games,Productivity boost with new task management features.,7,1,0,0,7
Productivity,Stay informed with the latest news and breaking stories.,9,1,0,0,9
News,Increase your productivity with our new time management tools.,9,1,0,0,9
Entertainment,Productivity boost with new task management features.,7,1,0,0,7
Social,New in-app social networking features for better user engagement.,9,1,0,0,9
Entertainment,Enjoy the latest entertainment content with improved performance.,8,1,0,0,8
News,Stay updated with the latest news in a user-friendly interface.,10,1,0,0,10
Entertainment,Enjoy the latest entertainment content with improved performance.,8,1,0,0,8
Productivity,Productivity boost with new task management features.,7,1,0,0,7
Games,Get ready for the ultimate gaming experience with bug fixes.,10,1,0,1,10
News,Stay updated with the latest news in a user-friendly interface.,10,1,0,0,10
Entertainment,Stay informed with the latest news and breaking stories.,9,1,0,0,9
News,Stay updated with the latest news in a user-friendly interface.,10,1,0,0,10
Entertainment,Increase your productivity with our new time management tools.,9,1,0,0,9
Games,Productivity boost with new task management features.,7,1,0,0,7
Productivity,New in-app social networking features for better user engagement.,9,1,0,0,9
Productivity,Productivity boost with new task management features.,7,1,0,0,7
Entertainment,New in-app social networking features for better user engagement.,9,1,0,0,9
Games,Productivity boost with new task management features.,7,1,0,0,7
News,Increase your productivity with our new time management tools.,9,1,0,0,9
Games,Enjoy the latest entertainment content with improved performance.,8,1,0,0,8
Entertainment,Enhance your entertainment experience with improved streaming quality.,8,1,0,0,8
Social,Increase your productivity with our new time management tools.,9,1,0,0,9
News,Increase your productivity with our new time management tools.,9,1,0,0,9
Productivity,Bug fixes and performance enhancements for a better gaming experience.,10,1,0,1,10
Games,Stay informed with the latest news and breaking stories.,9,1,0,0,9
News,Bug fixes and performance enhancements for a better gaming experience.,10,1,0,1,10
Social,Bug fixes and performance enhancements for a better gaming experience.,10,1,0,1,10
Social,Increase your productivity with our new time management tools.,9,1,0,0,9
Entertainment,Enjoy the latest entertainment content with improved performance.,8,1,0,0,8
Productivity,Bug fixes and performance enhancements for a better gaming experience.,10,1,0,1,10
Games,New in-app social networking features for better user engagement.,9,1,0,0,9
Productivity,Productivity boost with new task management features.,7,1,0,0,7
Productivity,Get ready for the ultimate gaming experience with bug fixes.,10,1,0,1,10
Productivity,Get ready for the ultimate gaming experience with bug fixes.,10,1,0,1,10
Entertainment,Enjoy the latest entertainment content with improved performance.,8,1,0,0,8
News,Productivity boost with new task management features.,7,1,0,0,7
Games,Increase your productivity with our new time management tools.,9,1,0,0,9
Social,Increase your productivity with our new time management tools.,9,1,0,0,9
Social,This release includes new social sharing features.,7,1,0,0,7
Games,Bug fixes and performance enhancements for a better gaming experience.,10,1,0,1,10
Entertainment,Stay informed with the latest news and breaking stories.,9,1,0,0,9
News,Increase your productivity with our new time management tools.,9,1,0,0,9
Entertainment,Get ready for the ultimate gaming experience with bug fixes.,10,1,0,1,10
Social,Increase your productivity with our new time management tools.,9,1,0,0,9
Entertainment,Increase your productivity with our new time management tools.,9,1,0,0,9
Productivity,Get ready for the ultimate gaming experience with bug fixes.,10,1,0,1,10
News,Enjoy the latest entertainment content with improved performance.,8,1,0,0,8
Entertainment,Stay updated with the latest news in a user-friendly interface.,10,1,0,0,10
Games,Increase your productivity with our new time management tools.,9,1,0,0,9
Games,Productivity boost with new task management features.,7,1,0,0,7
Social,Enjoy the latest entertainment content with improved performance.,8,1,0,0,8
Entertainment,Stay updated with the latest news in a user-friendly interface.,10,1,0,0,10
Productivity,Bug fixes and performance enhancements for a better gaming experience.,10,1,0,1,10
Productivity,Stay informed with the latest news and breaking stories.,9,1,0,0,9
Games,Stay informed with the latest news and breaking stories.,9,1,0,0,9
Games,Enjoy the latest entertainment content with improved performance.,8,1,0,0,8
Productivity,This release includes new social sharing features.,7,1,0,0,7
Entertainment,New in-app social networking features for better user engagement.,9,1,0,0,9
News,Enhance your entertainment experience with improved streaming quality.,8,1,0,0,8
Entertainment,Bug fixes and performance enhancements for a better gaming experience.,10,1,0,1,10
Productivity,Enjoy the latest entertainment content with improved performance.,8,1,0,0,8
Games,New in-app social networking features for better user engagement.,9,1,0,0,9
Productivity,Enjoy the latest entertainment content with improved performance.,8,1,0,0,8
News,Stay updated with the latest news in a user-friendly interface.,10,1,0,0,10
Entertainment,Get ready for the ultimate gaming experience with bug fixes.,10,1,0,1,10
Social,Enjoy the latest entertainment content with improved performance.,8,1,0,0,8
Social,Enhance your entertainment experience with improved streaming quality.,8,1,0,0,8
News,Stay updated with the latest news in a user-friendly interface.,10,1,0,0,10
Entertainment,Stay updated with the latest news in a user-friendly interface.,10,1,0,0,10
Productivity,Productivity boost with new task management features.,7,1,0,0,7
Entertainment,Enhance your entertainment experience with improved streaming quality.,8,1,0,0,8
Games,Stay updated with the latest news in a user-friendly interface.,10,1,0,0,10
Social,Bug fixes and performance enhancements for a better gaming experience.,10,1,0,1,10
Social,This release includes new social sharing features.,7,1,0,0,7
News,Stay informed with the latest news and breaking stories.,9,1,0,0,9
News,Stay updated with the latest news in a user-friendly interface.,10,1,0,0,10
Productivity,Stay informed with the latest news and breaking stories.,9,1,0,0,9
News,Bug fixes and performance enhancements for a better gaming experience.,10,1,0,1,10
News,Increase your productivity with our new time management tools.,9,1,0,0,9
Games,Increase your productivity with our new time management tools.,9,1,0,0,9
Productivity,New in-app social networking features for better user engagement.,9,1,0,0,9
Games,Stay updated with the latest news in a user-friendly interface.,10,1,0,0,10
Games,Get ready for the ultimate gaming experience with bug fixes.,10,1,0,1,10
Social,This release includes new social sharing features.,7,1,0,0,7
Social,Enjoy the latest entertainment content with improved performance.,8,1,0,0,8
Games,Productivity boost with new task management features.,7,1,0,0,7
Productivity,Stay informed with the latest news and breaking stories.,9,1,0,0,9
Entertainment,Stay informed with the latest news and breaking stories.,9,1,0,0,9
News,This release includes new social sharing features.,7,1,0,0,7
Games,New in-app social networking features for better user engagement.,9,1,0,0,9
News,New in-app social networking features for better user engagement.,9,1,0,0,9
Social,Increase your productivity with our new time management tools.,9,1,0,0,9
Games,Productivity boost with new task management features.,7,1,0,0,7
Social,Increase your productivity with our new time management tools.,9,1,0,0,9
Productivity,Get ready for the ultimate gaming experience with bug fixes.,10,1,0,1,10
Entertainment,New in-app social networking features for better user engagement.,9,1,0,0,9
Social,New in-app social networking features for better user engagement.,9,1,0,0,9
Games,New in-app social networking features for better user engagement.,9,1,0,0,9
Productivity,Productivity boost with new task management features.,7,1,0,0,7
Games,Get ready for the ultimate gaming experience with bug fixes.,10,1,0,1,10
News,Stay updated with the latest news in a user-friendly interface.,10,1,0,0,10
Entertainment,Enhance your entertainment experience with improved streaming quality.,8,1,0,0,8
Productivity,Productivity boost with new task management features.,7,1,0,0,7
Entertainment,This release includes new social sharing features.,7,1,0,0,7
Entertainment,New in-app social networking features for better user engagement.,9,1,0,0,9
Games,Get ready for the ultimate gaming experience with bug fixes.,10,1,0,1,10
Social,Productivity boost with new task management features.,7,1,0,0,7
Social,Increase your productivity with our new time management tools.,9,1,0,0,9
Entertainment,Stay updated with the latest news in a user-friendly interface.,10,1,0,0,10
Social,Bug fixes and performance enhancements for a better gaming experience.,10,1,0,1,10
Entertainment,Stay updated with the latest news in a user-friendly interface.,10,1,0,0,10
Productivity,Productivity boost with new task management features.,7,1,0,0,7
Social,Increase your productivity with our new time management tools.,9,1,0,0,9
Games,Stay informed with the latest news and breaking stories.,9,1,0,0,9
News,Enhance your entertainment experience with improved streaming quality.,8,1,0,0,8
Entertainment,Stay informed with the latest news and breaking stories.,9,1,0,0,9
Games,New in-app social networking features for better user engagement.,9,1,0,0,9
Productivity,Increase your productivity with our new time management tools.,9,1,0,0,9
News,Enjoy the latest entertainment content with improved performance.,8,1,0,0,8
Games,Productivity boost with new task management features.,7,1,0,0,7
Social,Enhance your entertainment experience with improved streaming quality.,8,1,0,0,8
Entertainment,Stay informed with the latest news and breaking stories.,9,1,0,0,9
Games,Increase your productivity with our new time management tools.,9,1,0,0,9
Social,This release includes new social sharing features.,7,1,0,0,7
Productivity,New in-app social networking features for better user engagement.,9,1,0,0,9
Productivity,Stay updated with the latest news in a user-friendly interface.,10,1,0,0,10
Social,Get ready for the ultimate gaming experience with bug fixes.,10,1,0,1,10
Social,Stay informed with the latest news and breaking stories.,9,1,0,0,9
Entertainment,Enjoy the latest entertainment content with improved performance.,8,1,0,0,8
Productivity,Bug fixes and performance enhancements for a better gaming experience.,10,1,0,1,10
News,Productivity boost with new task management features.,7,1,0,0,7
News,Enjoy the latest entertainment content with improved performance.,8,1,0,0,8
Games,Enhance your entertainment experience with improved streaming quality.,8,1,0,0,8
Games,Bug fixes and performance enhancements for a better gaming experience.,10,1,0,1,10
Entertainment,Enhance your entertainment experience with improved streaming quality.,8,1,0,0,8
Games,Stay updated with the latest news in a user-friendly interface.,10,1,0,0,10
Games,Productivity boost with new task management features.,7,1,0,0,7
Social,Productivity boost with new task management features.,7,1,0,0,7
Games,Get ready for the ultimate gaming experience with bug fixes.,10,1,0,1,10
Productivity,Productivity boost with new task management features.,7,1,0,0,7
Productivity,Stay informed with the latest news and breaking stories.,9,1,0,0,9
Productivity,Enjoy the latest entertainment content with improved performance.,8,1,0,0,8
Productivity,New in-app social networking features for better user engagement.,9,1,0,0,9
News,Stay informed with the latest news and breaking stories.,9,1,0,0,9
Entertainment,Stay updated with the latest news in a user-friendly interface.,10,1,0,0,10
News,Bug fixes and performance enhancements for a better gaming experience.,10,1,0,1,10
Entertainment,Enjoy the latest entertainment content with improved performance.,8,1,0,0,8
Productivity,Enhance your entertainment experience with improved streaming quality.,8,1,0,0,8
Entertainment,New in-app social networking features for better user engagement.,9,1,0,0,9
Productivity,Get ready for the ultimate gaming experience with bug fixes.,10,1,0,1,10
Games,Get ready for the ultimate gaming experience with bug fixes.,10,1,0,1,10
Games,Productivity boost with new task management features.,7,1,0,0,7
News,New in-app social networking features for better user engagement.,9,1,0,0,9
Entertainment,This release includes new social sharing features.,7,1,0,0,7
Entertainment,New in-app social networking features for better user engagement.,9,1,0,0,9
Productivity,Stay informed with the latest news and breaking stories.,9,1,0,0,9
Games,Increase your productivity with our new time management tools.,9,1,0,0,9
Productivity,Productivity boost with new task management features.,7,1,0,0,7
News,This release includes new social sharing features.,7,1,0,0,7
News,This release includes new social sharing features.,7,1,0,0,7
News,Enhance your entertainment experience with improved streaming quality.,8,1,0,0,8
Games,Get ready for the ultimate gaming experience with bug fixes.,10,1,0,1,10
News,Stay informed with the latest news and breaking stories.,9,1,0,0,9
News,This release includes new social sharing features.,7,1,0,0,7
News,Productivity boost with new task management features.,7,1,0,0,7
Social,Enhance your entertainment experience with improved streaming quality.,8,1,0,0,8
News,Stay updated with the latest news in a user-friendly interface.,10,1,0,0,10
Productivity,Enhance your entertainment experience with improved streaming quality.,8,1,0,0,8
Entertainment,Increase your productivity with our new time management tools.,9,1,0,0,9
Social,Bug fixes and performance enhancements for a better gaming experience.,10,1,0,1,10
Entertainment,Stay informed with the latest news and breaking stories.,9,1,0,0,9
Productivity,Get ready for the ultimate gaming experience with bug fixes.,10,1,0,1,10
Social,Enjoy the latest entertainment content with improved performance.,8,1,0,0,8
Social,Bug fixes and performance enhancements for a better gaming experience.,10,1,0,1,10
News,This release includes new social sharing features.,7,1,0,0,7
Entertainment,Productivity boost with new task management features.,7,1,0,0,7
Social,Productivity boost with new task management features.,7,1,0,0,7
Social,Stay updated with the latest news in a user-friendly interface.,10,1,0,0,10
Productivity,This release includes new social sharing features.,7,1,0,0,7
News,Bug fixes and performance enhancements for a better gaming experience.,10,1,0,1,10
Entertainment,New in-app social networking features for better user engagement.,9,1,0,0,9
Entertainment,Enhance your entertainment experience with improved streaming quality.,8,1,0,0,8
Entertainment,Get ready for the ultimate gaming experience with bug fixes.,10,1,0,1,10
News,Stay updated with the latest news in a user-friendly interface.,10,1,0,0,10
Social,Stay updated with the latest news in a user-friendly interface.,10,1,0,0,10
Entertainment,Get ready for the ultimate gaming experience with bug fixes.,10,1,0,1,10
Social,Stay informed with the latest news and breaking stories.,9,1,0,0,9
Entertainment,Stay updated with the latest news in a user-friendly interface.,10,1,0,0,10
News,Bug fixes and performance enhancements for a better gaming experience.,10,1,0,1,10
Entertainment,Stay updated with the latest news in a user-friendly interface.,10,1,0,0,10
News,Productivity boost with new task management features.,7,1,0,0,7
Social,Productivity boost with new task management features.,7,1,0,0,7
News,New in-app social networking features for better user engagement.,9,1,0,0,9
News,Enjoy the latest entertainment content with improved performance.,8,1,0,0,8
Entertainment,Get ready for the ultimate gaming experience with bug fixes.,10,1,0,1,10
Entertainment,Stay informed with the latest news and breaking stories.,9,1,0,0,9
Games,Increase your productivity with our new time management tools.,9,1,0,0,9
News,Get ready for the ultimate gaming experience with bug fixes.,10,1,0,1,10
Games,Increase your productivity with our new time management tools.,9,1,0,0,9
Social,Stay informed with the latest news and breaking stories.,9,1,0,0,9
News,Productivity boost with new task management features.,7,1,0,0,7
Games,Get ready for the ultimate gaming experience with bug fixes.,10,1,0,1,10
News,Increase your productivity with our new time management tools.,9,1,0,0,9
Productivity,Enjoy the latest entertainment content with improved performance.,8,1,0,0,8
Productivity,Bug fixes and performance enhancements for a better gaming experience.,10,1,0,1,10
News,Enhance your entertainment experience with improved streaming quality.,8,1,0,0,8
Social,Bug fixes and performance enhancements for a better gaming experience.,10,1,0,1,10
Games,Bug fixes and performance enhancements for a better gaming experience.,10,1,0,1,10
News,Stay informed with the latest news and breaking stories.,9,1,0,0,9
Social,Enhance your entertainment experience with improved streaming quality.,8,1,0,0,8
News,Stay updated with the latest news in a user-friendly interface.,10,1,0,0,10
Productivity,Bug fixes and performance enhancements for a better gaming experience.,10,1,0,1,10
Games,Enhance your entertainment experience with improved streaming quality.,8,1,0,0,8
Entertainment,Enhance your entertainment experience with improved streaming quality.,8,1,0,0,8
Productivity,Productivity boost with new task management features.,7,1,0,0,7
News,Stay updated with the latest news in a user-friendly interface.,10,1,0,0,10
News,Enhance your entertainment experience with improved streaming quality.,8,1,0,0,8
Games,Get ready for the ultimate gaming experience with bug fixes.,10,1,0,1,10
Productivity,Increase your productivity with our new time management tools.,9,1,0,0,9
Social,New in-app social networking features for better user engagement.,9,1,0,0,9
Social,This release includes new social sharing features.,7,1,0,0,7
Games,Enjoy the latest entertainment content with improved performance.,8,1,0,0,8
News,New in-app social networking features for better user engagement.,9,1,0,0,9
Productivity,Stay updated with the latest news in a user-friendly interface.,10,1,0,0,10
News,Bug fixes and performance enhancements for a better gaming experience.,10,1,0,1,10
Entertainment,New in-app social networking features for better user engagement.,9,1,0,0,9
Games,Stay updated with the latest news in a user-friendly interface.,10,1,0,0,10
News,New in-app social networking features for better user engagement.,9,1,0,0,9
Games,Increase your productivity with our new time management tools.,9,1,0,0,9
Productivity,Bug fixes and performance enhancements for a better gaming experience.,10,1,0,1,10
Productivity,Enjoy the latest entertainment content with improved performance.,8,1,0,0,8
Entertainment,Stay updated with the latest news in a user-friendly interface.,10,1,0,0,10
Social,Increase your productivity with our new time management tools.,9,1,0,0,9
Social,Increase your productivity with our new time management tools.,9,1,0,0,9
Entertainment,Get ready for the ultimate gaming experience with bug fixes.,10,1,0,1,10
Games,New in-app social networking features for better user engagement.,9,1,0,0,9
Games,This release includes new social sharing features.,7,1,0,0,7
Productivity,Enhance your entertainment experience with improved streaming quality.,8,1,0,0,8
Games,Productivity boost with new task management features.,7,1,0,0,7
News,Enjoy the latest entertainment content with improved performance.,8,1,0,0,8
Social,This release includes new social sharing features.,7,1,0,0,7
News,Stay updated with the latest news in a user-friendly interface.,10,1,0,0,10
Games,Productivity boost with new task management features.,7,1,0,0,7
Social,Productivity boost with new task management features.,7,1,0,0,7
Games,Get ready for the ultimate gaming experience with bug fixes.,10,1,0,1,10
Productivity,Increase your productivity with our new time management tools.,9,1,0,0,9
Social,This release includes new social sharing features.,7,1,0,0,7
Games,Enjoy the latest entertainment content with improved performance.,8,1,0,0,8
Productivity,New in-app social networking features for better user engagement.,9,1,0,0,9
Social,New in-app social networking features for better user engagement.,9,1,0,0,9
Games,Enhance your entertainment experience with improved streaming quality.,8,1,0,0,8
Entertainment,Increase your productivity with our new time management tools.,9,1,0,0,9
Productivity,Stay updated with the latest news in a user-friendly interface.,10,1,0,0,10
Games,Get ready for the ultimate gaming experience with bug fixes.,10,1,0,1,10
Entertainment,Increase your productivity with our new time management tools.,9,1,0,0,9
Entertainment,Bug fixes and performance enhancements for a better gaming experience.,10,1,0,1,10
Productivity,Bug fixes and performance enhancements for a better gaming experience.,10,1,0,1,10
News,Stay updated with the latest news in a user-friendly interface.,10,1,0,0,10
Social,Increase your productivity with our new time management tools.,9,1,0,0,9
Social,Enhance your entertainment experience with improved streaming quality.,8,1,0,0,8
Social,Bug fixes and performance enhancements for a better gaming experience.,10,1,0,1,10
News,New in-app social networking features for better user engagement.,9,1,0,0,9
Productivity,Enjoy the latest entertainment content with improved performance.,8,1,0,0,8
Social,Productivity boost with new task management features.,7,1,0,0,7
Social,Enjoy the latest entertainment content with improved performance.,8,1,0,0,8
Games,New in-app social networking features for better user engagement.,9,1,0,0,9
Social,Enhance your entertainment experience with improved streaming quality.,8,1,0,0,8
Productivity,Bug fixes and performance enhancements for a better gaming experience.,10,1,0,1,10
Productivity,New in-app social networking features for better user engagement.,9,1,0,0,9
Social,Increase your productivity with our new time management tools.,9,1,0,0,9
Social,Bug fixes and performance enhancements for a better gaming experience.,10,1,0,1,10
Productivity,Bug fixes and performance enhancements for a better gaming experience.,10,1,0,1,10
News,Enjoy the latest entertainment content with improved performance.,8,1,0,0,8
News,This release includes new social sharing features.,7,1,0,0,7
News,New in-app social networking features for better user engagement.,9,1,0,0,9
Games,Enjoy the latest entertainment content with improved performance.,8,1,0,0,8
Social,This release includes new social sharing features.,7,1,0,0,7
Entertainment,Increase your productivity with our new time management tools.,9,1,0,0,9
Games,New in-app social networking features for better user engagement.,9,1,0,0,9
Social,Enjoy the latest entertainment content with improved performance.,8,1,0,0,8
Productivity,Enhance your entertainment experience with improved streaming quality.,8,1,0,0,8
Productivity,Stay updated with the latest news in a user-friendly interface.,10,1,0,0,10
Entertainment,This release includes new social sharing features.,7,1,0,0,7
Social,This release includes new social sharing features.,7,1,0,0,7
News,New in-app social networking features for better user engagement.,9,1,0,0,9
Social,Enhance your entertainment experience with improved streaming quality.,8,1,0,0,8
Entertainment,Bug fixes and performance enhancements for a better gaming experience.,10,1,0,1,10
Productivity,Bug fixes and performance enhancements for a better gaming experience.,10,1,0,1,10
Productivity,New in-app social networking features for better user engagement.,9,1,0,0,9
Productivity,Productivity boost with new task management features.,7,1,0,0,7
Productivity,Enjoy the latest entertainment content with improved performance.,8,1,0,0,8
Entertainment,This release includes new social sharing features.,7,1,0,0,7
Entertainment,This release includes new social sharing features.,7,1,0,0,7
Games,Enjoy the latest entertainment content with improved performance.,8,1,0,0,8
Games,Stay updated with the latest news in a user-friendly interface.,10,1,0,0,10
News,New in-app social networking features for better user engagement.,9,1,0,0,9
Entertainment,Stay informed with the latest news and breaking stories.,9,1,0,0,9
Entertainment,Get ready for the ultimate gaming experience with bug fixes.,10,1,0,1,10
Entertainment,Stay informed with the latest news and breaking stories.,9,1,0,0,9
Games,Enhance your entertainment experience with improved streaming quality.,8,1,0,0,8
Social,Bug fixes and performance enhancements for a better gaming experience.,10,1,0,1,10
News,Stay informed with the latest news and breaking stories.,9,1,0,0,9
Games,Enjoy the latest entertainment content with improved performance.,8,1,0,0,8
Entertainment,New in-app social networking features for better user engagement.,9,1,0,0,9
News,Enhance your entertainment experience with improved streaming quality.,8,1,0,0,8
Entertainment,Increase your productivity with our new time management tools.,9,1,0,0,9
Games,Stay informed with the latest news and breaking stories.,9,1,0,0,9
Social,New in-app social networking features for better user engagement.,9,1,0,0,9
Social,Increase your productivity with our new time management tools.,9,1,0,0,9
News,Enhance your entertainment experience with improved streaming quality.,8,1,0,0,8
Games,Increase your productivity with our new time management tools.,9,1,0,0,9
Productivity,Increase your productivity with our new time management tools.,9,1,0,0,9
Social,Enhance your entertainment experience with improved streaming quality.,8,1,0,0,8
News,Get ready for the ultimate gaming experience with bug fixes.,10,1,0,1,10
Productivity,Stay updated with the latest news in a user-friendly interface.,10,1,0,0,10
Social,Enhance your entertainment experience with improved streaming quality.,8,1,0,0,8
News,Enhance your entertainment experience with improved streaming quality.,8,1,0,0,8
Social,New in-app social networking features for better user engagement.,9,1,0,0,9
Social,New in-app social networking features for better user engagement.,9,1,0,0,9
Games,Increase your productivity with our new time management tools.,9,1,0,0,9
Productivity,This release includes new social sharing features.,7,1,0,0,7
Productivity,Productivity boost with new task management features.,7,1,0,0,7
News,Enjoy the latest entertainment content with improved performance.,8,1,0,0,8
Social,New in-app social networking features for better user engagement.,9,1,0,0,9
Social,Enhance your entertainment experience with improved streaming quality.,8,1,0,0,8
Social,This release includes new social sharing features.,7,1,0,0,7
Social,Increase your productivity with our new time management tools.,9,1,0,0,9
News,Stay informed with the latest news and breaking stories.,9,1,0,0,9
Productivity,Increase your productivity with our new time management tools.,9,1,0,0,9
Social,Stay updated with the latest news in a user-friendly interface.,10,1,0,0,10
Productivity,Increase your productivity with our new time management tools.,9,1,0,0,9
News,Increase your productivity with our new time management tools.,9,1,0,0,9
Social,Increase your productivity with our new time management tools.,9,1,0,0,9
Entertainment,Increase your productivity with our new time management tools.,9,1,0,0,9
Games,Bug fixes and performance enhancements for a better gaming experience.,10,1,0,1,10
Social,New in-app social networking features for better user engagement.,9,1,0,0,9
Productivity,Stay updated with the latest news in a user-friendly interface.,10,1,0,0,10
Entertainment,Get ready for the ultimate gaming experience with bug fixes.,10,1,0,1,10
Entertainment,Stay informed with the latest news and breaking stories.,9,1,0,0,9
Entertainment,Increase your productivity with our new time management tools.,9,1,0,0,9
News,Bug fixes and performance enhancements for a better gaming experience.,10,1,0,1,10
Entertainment,This release includes new social sharing features.,7,1,0,0,7
Games,Productivity boost with new task management features.,7,1,0,0,7
Entertainment,Productivity boost with new task management features.,7,1,0,0,7
Productivity,Enjoy the latest entertainment content with improved performance.,8,1,0,0,8
Social,Bug fixes and performance enhancements for a better gaming experience.,10,1,0,1,10
Productivity,Stay informed with the latest news and breaking stories.,9,1,0,0,9
Social,Enjoy the latest entertainment content with improved performance.,8,1,0,0,8
Social,Enhance your entertainment experience with improved streaming quality.,8,1,0,0,8
Social,Enhance your entertainment experience with improved streaming quality.,8,1,0,0,8
Entertainment,Increase your productivity with our new time management tools.,9,1,0,0,9
Entertainment,Enjoy the latest entertainment content with improved performance.,8,1,0,0,8
Social,Enjoy the latest entertainment content with improved performance.,8,1,0,0,8
Entertainment,Stay informed with the latest news and breaking stories.,9,1,0,0,9
Entertainment,Enjoy the latest entertainment content with improved performance.,8,1,0,0,8
Social,Enjoy the latest entertainment content with improved performance.,8,1,0,0,8
Games,Stay informed with the latest news and breaking stories.,9,1,0,0,9
Entertainment,This release includes new social sharing features.,7,1,0,0,7
Social,Stay informed with the latest news and breaking stories.,9,1,0,0,9
Games,Stay updated with the latest news in a user-friendly interface.,10,1,0,0,10
Social,This release includes new social sharing features.,7,1,0,0,7
Entertainment,Enhance your entertainment experience with improved streaming quality.,8,1,0,0,8
Entertainment,Bug fixes and performance enhancements for a better gaming experience.,10,1,0,1,10
Productivity,Stay updated with the latest news in a user-friendly interface.,10,1,0,0,10
Social,Productivity boost with new task management features.,7,1,0,0,7
Games,Stay updated with the latest news in a user-friendly interface.,10,1,0,0,10
Entertainment,This release includes new social sharing features.,7,1,0,0,7
News,Productivity boost with new task management features.,7,1,0,0,7
News,Bug fixes and performance enhancements for a better gaming experience.,10,1,0,1,10
News,Enhance your entertainment experience with improved streaming quality.,8,1,0,0,8
Games,Enjoy the latest entertainment content with improved performance.,8,1,0,0,8
Productivity,Get ready for the ultimate gaming experience with bug fixes.,10,1,0,1,10
Productivity,New in-app social networking features for better user engagement.,9,1,0,0,9
Social,Get ready for the ultimate gaming experience with bug fixes.,10,1,0,1,10
Social,Enjoy the latest entertainment content with improved performance.,8,1,0,0,8
Productivity,Productivity boost with new task management features.,7,1,0,0,7
Social,This release includes new social sharing features.,7,1,0,0,7
Productivity,Stay informed with the latest news and breaking stories.,9,1,0,0,9
Productivity,Enjoy the latest entertainment content with improved performance.,8,1,0,0,8
News,Bug fixes and performance enhancements for a better gaming experience.,10,1,0,1,10
Social,New in-app social networking features for better user engagement.,9,1,0,0,9
Productivity,Productivity boost with new task management features.,7,1,0,0,7
Entertainment,New in-app social networking features for better user engagement.,9,1,0,0,9
Social,Bug fixes and performance enhancements for a better gaming experience.,10,1,0,1,10
Games,This release includes new social sharing features.,7,1,0,0,7
News,This release includes new social sharing features.,7,1,0,0,7
Games,Enhance your entertainment experience with improved streaming quality.,8,1,0,0,8
Games,Increase your productivity with our new time management tools.,9,1,0,0,9
News,New in-app social networking features for better user engagement.,9,1,0,0,9
Entertainment,Increase your productivity with our new time management tools.,9,1,0,0,9
Entertainment,Enjoy the latest entertainment content with improved performance.,8,1,0,0,8
News,Bug fixes and performance enhancements for a better gaming experience.,10,1,0,1,10
News,Bug fixes and performance enhancements for a better gaming experience.,10,1,0,1,10
Productivity,Increase your productivity with our new time management tools.,9,1,0,0,9
News,New in-app social networking features for better user engagement.,9,1,0,0,9
Entertainment,Increase your productivity with our new time management tools.,9,1,0,0,9
News,Enhance your entertainment experience with improved streaming quality.,8,1,0,0,8
Games,This release includes new social sharing features.,7,1,0,0,7
News,Get ready for the ultimate gaming experience with bug fixes.,10,1,0,1,10
News,This release includes new social sharing features.,7,1,0,0,7
Entertainment,Enhance your entertainment experience with improved streaming quality.,8,1,0,0,8
Social,Get ready for the ultimate gaming experience with bug fixes.,10,1,0,1,10
News,This release includes new social sharing features.,7,1,0,0,7
Games,Enhance your entertainment experience with improved streaming quality.,8,1,0,0,8
Productivity,Productivity boost with new task management features.,7,1,0,0,7
Games,This release includes new social sharing features.,7,1,0,0,7
Entertainment,Increase your productivity with our new time management tools.,9,1,0,0,9
Productivity,Enhance your entertainment experience with improved streaming quality.,8,1,0,0,8
Games,Enhance your entertainment experience with improved streaming quality.,8,1,0,0,8
Productivity,Stay updated with the latest news in a user-friendly interface.,10,1,0,0,10
Entertainment,Enjoy the latest entertainment content with improved performance.,8,1,0,0,8
News,Stay informed with the latest news and breaking stories.,9,1,0,0,9
Social,Bug fixes and performance enhancements for a better gaming experience.,10,1,0,1,10
News,This release includes new social sharing features.,7,1,0,0,7
Games,Enjoy the latest entertainment content with improved performance.,8,1,0,0,8
News,Stay informed with the latest news and breaking stories.,9,1,0,0,9
News,Get ready for the ultimate gaming experience with bug fixes.,10,1,0,1,10
Games,Productivity boost with new task management features.,7,1,0,0,7
Social,Stay updated with the latest news in a user-friendly interface.,10,1,0,0,10
Productivity,Get ready for the ultimate gaming experience with bug fixes.,10,1,0,1,10
Entertainment,Enjoy the latest entertainment content with improved performance.,8,1,0,0,8
Games,Enhance your entertainment experience with improved streaming quality.,8,1,0,0,8
Entertainment,Enjoy the latest entertainment content with improved performance.,8,1,0,0,8
Games,Bug fixes and performance enhancements for a better gaming experience.,10,1,0,1,10
News,This release includes new social sharing features.,7,1,0,0,7
Games,New in-app social networking features for better user engagement.,9,1,0,0,9
Productivity,Stay updated with the latest news in a user-friendly interface.,10,1,0,0,10
Games,Enhance your entertainment experience with improved streaming quality.,8,1,0,0,8
Games,Get ready for the ultimate gaming experience with bug fixes.,10,1,0,1,10
Entertainment,Bug fixes and performance enhancements for a better gaming experience.,10,1,0,1,10
News,Productivity boost with new task management features.,7,1,0,0,7
Games,New in-app social networking features for better user engagement.,9,1,0,0,9
Social,Increase your productivity with our new time management tools.,9,1,0,0,9
Productivity,Enjoy the latest entertainment content with improved performance.,8,1,0,0,8
Social,Bug fixes and performance enhancements for a better gaming experience.,10,1,0,1,10
Productivity,Enhance your entertainment experience with improved streaming quality.,8,1,0,0,8
Entertainment,New in-app social networking features for better user engagement.,9,1,0,0,9
Games,Bug fixes and performance enhancements for a better gaming experience.,10,1,0,1,10
News,Get ready for the ultimate gaming experience with bug fixes.,10,1,0,1,10
Entertainment,Stay informed with the latest news and breaking stories.,9,1,0,0,9
Entertainment,Enhance your entertainment experience with improved streaming quality.,8,1,0,0,8
Productivity,Stay informed with the latest news and breaking stories.,9,1,0,0,9
Games,Get ready for the ultimate gaming experience with bug fixes.,10,1,0,1,10
Productivity,Enhance your entertainment experience with improved streaming quality.,8,1,0,0,8
Productivity,Increase your productivity with our new time management tools.,9,1,0,0,9
News,Enhance your entertainment experience with improved streaming quality.,8,1,0,0,8
Games,Stay informed with the latest news and breaking stories.,9,1,0,0,9
Social,Bug fixes and performance enhancements for a better gaming experience.,10,1,0,1,10
News,Increase your productivity with our new time management tools.,9,1,0,0,9
News,New in-app social networking features for better user engagement.,9,1,0,0,9
Games,Enjoy the latest entertainment content with improved performance.,8,1,0,0,8
Productivity,Stay updated with the latest news in a user-friendly interface.,10,1,0,0,10
Productivity,Stay informed with the latest news and breaking stories.,9,1,0,0,9
Entertainment,Get ready for the ultimate gaming experience with bug fixes.,10,1,0,1,10
Social,This release includes new social sharing features.,7,1,0,0,7
Productivity,Productivity boost with new task management features.,7,1,0,0,7
News,Bug fixes and performance enhancements for a better gaming experience.,10,1,0,1,10
Games,Stay updated with the latest news in a user-friendly interface.,10,1,0,0,10
Games,Enjoy the latest entertainment content with improved performance.,8,1,0,0,8
News,Increase your productivity with our new time management tools.,9,1,0,0,9
Entertainment,Get ready for the ultimate gaming experience with bug fixes.,10,1,0,1,10
Games,Enhance your entertainment experience with improved streaming quality.,8,1,0,0,8
Entertainment,Productivity boost with new task management features.,7,1,0,0,7
News,Enjoy the latest entertainment content with improved performance.,8,1,0,0,8
Games,Enhance your entertainment experience with improved streaming quality.,8,1,0,0,8
News,Productivity boost with new task management features.,7,1,0,0,7
Productivity,New in-app social networking features for better user engagement.,9,1,0,0,9
Games,Increase your productivity with our new time management tools.,9,1,0,0,9
News,New in-app social networking features for better user engagement.,9,1,0,0,9
Social,Bug fixes and performance enhancements for a better gaming experience.,10,1,0,1,10
Entertainment,Get ready for the ultimate gaming experience with bug fixes.,10,1,0,1,10
Entertainment,New in-app social networking features for better user engagement.,9,1,0,0,9
Productivity,Stay informed with the latest news and breaking stories.,9,1,0,0,9
News,Bug fixes and performance enhancements for a better gaming experience.,10,1,0,1,10
Productivity,New in-app social networking features for better user engagement.,9,1,0,0,9
Entertainment,Enjoy the latest entertainment content with improved performance.,8,1,0,0,8
Games,Productivity boost with new task management features.,7,1,0,0,7
Entertainment,Increase your productivity with our new time management tools.,9,1,0,0,9
Productivity,Enhance your entertainment experience with improved streaming quality.,8,1,0,0,8
News,Bug fixes and performance enhancements for a better gaming experience.,10,1,0,1,10
Games,This release includes new social sharing features.,7,1,0,0,7
Entertainment,Bug fixes and performance enhancements for a better gaming experience.,10,1,0,1,10
Games,Enhance your entertainment experience with improved streaming quality.,8,1,0,0,8
Social,Stay updated with the latest news in a user-friendly interface.,10,1,0,0,10
Social,Increase your productivity with our new time management tools.,9,1,0,0,9
Productivity,Enhance your entertainment experience with improved streaming quality.,8,1,0,0,8
Productivity,Bug fixes and performance enhancements for a better gaming experience.,10,1,0,1,10
Games,Increase your productivity with our new time management tools.,9,1,0,0,9
Productivity,Enjoy the latest entertainment content with improved performance.,8,1,0,0,8
Productivity,Enjoy the latest entertainment content with improved performance.,8,1,0,0,8
Social,Increase your productivity with our new time management tools.,9,1,0,0,9
Social,New in-app social networking features for better user engagement.,9,1,0,0,9
Games,Get ready for the ultimate gaming experience with bug fixes.,10,1,0,1,10
Social,Enhance your entertainment experience with improved streaming quality.,8,1,0,0,8
Entertainment,Increase your productivity with our new time management tools.,9,1,0,0,9
Entertainment,Stay updated with the latest news in a user-friendly interface.,10,1,0,0,10
News,Get ready for the ultimate gaming experience with bug fixes.,10,1,0,1,10
Social,Productivity boost with new task management features.,7,1,0,0,7
Social,Get ready for the ultimate gaming experience with bug fixes.,10,1,0,1,10
News,New in-app social networking features for better user engagement.,9,1,0,0,9
Social,Stay updated with the latest news in a user-friendly interface.,10,1,0,0,10
Social,Increase your productivity with our new time management tools.,9,1,0,0,9
Productivity,Enjoy the latest entertainment content with improved performance.,8,1,0,0,8
News,Enjoy the latest entertainment content with improved performance.,8,1,0,0,8
Entertainment,Stay updated with the latest news in a user-friendly interface.,10,1,0,0,10
Entertainment,This release includes new social sharing features.,7,1,0,0,7
News,Enjoy the latest entertainment content with improved performance.,8,1,0,0,8
Social,Stay informed with the latest news and breaking stories.,9,1,0,0,9
Entertainment,Bug fixes and performance enhancements for a better gaming experience.,10,1,0,1,10
Entertainment,New in-app social networking features for better user engagement.,9,1,0,0,9
Games,This release includes new social sharing features.,7,1,0,0,7
Entertainment,Stay updated with the latest news in a user-friendly interface.,10,1,0,0,10
Productivity,Enhance your entertainment experience with improved streaming quality.,8,1,0,0,8
Entertainment,Get ready for the ultimate gaming experience with bug fixes.,10,1,0,1,10
Productivity,Stay updated with the latest news in a user-friendly interface.,10,1,0,0,10
Productivity,Stay informed with the latest news and breaking stories.,9,1,0,0,9
Games,Stay updated with the latest news in a user-friendly interface.,10,1,0,0,10
Games,Increase your productivity with our new time management tools.,9,1,0,0,9
Entertainment,Enhance your entertainment experience with improved streaming quality.,8,1,0,0,8
Social,Enhance your entertainment experience with improved streaming quality.,8,1,0,0,8
Productivity,Stay updated with the latest news in a user-friendly interface.,10,1,0,0,10
Entertainment,Stay informed with the latest news and breaking stories.,9,1,0,0,9
Productivity,Increase your productivity with our new time management tools.,9,1,0,0,9
News,Bug fixes and performance enhancements for a better gaming experience.,10,1,0,1,10
Productivity,Enjoy the latest entertainment content with improved performance.,8,1,0,0,8
Entertainment,Productivity boost with new task management features.,7,1,0,0,7
Social,Enhance your entertainment experience with improved streaming quality.,8,1,0,0,8
Entertainment,This release includes new social sharing features.,7,1,0,0,7
Games,Stay updated with the latest news in a user-friendly interface.,10,1,0,0,10
Games,Get ready for the ultimate gaming experience with bug fixes.,10,1,0,1,10
Entertainment,Stay informed with the latest news and breaking stories.,9,1,0,0,9
News,This release includes new social sharing features.,7,1,0,0,7
Social,This release includes new social sharing features.,7,1,0,0,7
Games,Enhance your entertainment experience with improved streaming quality.,8,1,0,0,8
Games,Stay updated with the latest news in a user-friendly interface.,10,1,0,0,10
Games,Stay informed with the latest news and breaking stories.,9,1,0,0,9
Social,Get ready for the ultimate gaming experience with bug fixes.,10,1,0,1,10
Social,Increase your productivity with our new time management tools.,9,1,0,0,9
Entertainment,Stay updated with the latest news in a user-friendly interface.,10,1,0,0,10
News,Get ready for the ultimate gaming experience with bug fixes.,10,1,0,1,10
Productivity,Get ready for the ultimate gaming experience with bug fixes.,10,1,0,1,10
News,New in-app social networking features for better user engagement.,9,1,0,0,9
Games,Bug fixes and performance enhancements for a better gaming experience.,10,1,0,1,10
Productivity,Stay updated with the latest news in a user-friendly interface.,10,1,0,0,10
Entertainment,Productivity boost with new task management features.,7,1,0,0,7
News,Stay informed with the latest news and breaking stories.,9,1,0,0,9
Social,Get ready for the ultimate gaming experience with bug fixes.,10,1,0,1,10
Social,Enhance your entertainment experience with improved streaming quality.,8,1,0,0,8
Social,This release includes new social sharing features.,7,1,0,0,7
Games,New in-app social networking features for better user engagement.,9,1,0,0,9
Games,Productivity boost with new task management features.,7,1,0,0,7
Social,Stay informed with the latest news and breaking stories.,9,1,0,0,9
Social,Productivity boost with new task management features.,7,1,0,0,7
News,Enjoy the latest entertainment content with improved performance.,8,1,0,0,8
Productivity,Productivity boost with new task management features.,7,1,0,0,7
Social,This release includes new social sharing features.,7,1,0,0,7
News,Get ready for the ultimate gaming experience with bug fixes.,10,1,0,1,10
Social,Enjoy the latest entertainment content with improved performance.,8,1,0,0,8
Games,Get ready for the ultimate gaming experience with bug fixes.,10,1,0,1,10
News,Increase your productivity with our new time management tools.,9,1,0,0,9
Social,This release includes new social sharing features.,7,1,0,0,7
Games,New in-app social networking features for better user engagement.,9,1,0,0,9
Social,This release includes new social sharing features.,7,1,0,0,7
News,Enjoy the latest entertainment content with improved performance.,8,1,0,0,8
News,Stay informed with the latest news and breaking stories.,9,1,0,0,9
News,Enjoy the latest entertainment content with improved performance.,8,1,0,0,8
Games,Enhance your entertainment experience with improved streaming quality.,8,1,0,0,8
Games,Enjoy the latest entertainment content with improved performance.,8,1,0,0,8
News,Get ready for the ultimate gaming experience with bug fixes.,10,1,0,1,10
News,New in-app social networking features for better user engagement.,9,1,0,0,9
Social,Bug fixes and performance enhancements for a better gaming experience.,10,1,0,1,10
Entertainment,Stay updated with the latest news in a user-friendly interface.,10,1,0,0,10
Games,Bug fixes and performance enhancements for a better gaming experience.,10,1,0,1,10
Productivity,Get ready for the ultimate gaming experience with bug fixes.,10,1,0,1,10
Productivity,Enhance your entertainment experience with improved streaming quality.,8,1,0,0,8
News,Productivity boost with new task management features.,7,1,0,0,7
Games,Bug fixes and performance enhancements for a better gaming experience.,10,1,0,1,10
Productivity,Enjoy the latest entertainment content with improved performance.,8,1,0,0,8
Productivity,Stay informed with the latest news and breaking stories.,9,1,0,0,9
News,Enhance your entertainment experience with improved streaming quality.,8,1,0,0,8
Games,Get ready for the ultimate gaming experience with bug fixes.,10,1,0,1,10
Entertainment,Enhance your entertainment experience with improved streaming quality.,8,1,0,0,8
Social,New in-app social networking features for better user engagement.,9,1,0,0,9
Productivity,This release includes new social sharing features.,7,1,0,0,7
Entertainment,Stay informed with the latest news and breaking stories.,9,1,0,0,9
Entertainment,Stay updated with the latest news in a user-friendly interface.,10,1,0,0,10
Games,Enjoy the latest entertainment content with improved performance.,8,1,0,0,8
Games,Bug fixes and performance enhancements for a better gaming experience.,10,1,0,1,10
Games,This release includes new social sharing features.,7,1,0,0,7
Games,Bug fixes and performance enhancements for a better gaming experience.,10,1,0,1,10
Entertainment,Get ready for the ultimate gaming experience with bug fixes.,10,1,0,1,10
Games,This release includes new social sharing features.,7,1,0,0,7
Social,Stay updated with the latest news in a user-friendly interface.,10,1,0,0,10
Productivity,Productivity boost with new task management features.,7,1,0,0,7
Productivity,Enjoy the latest entertainment content with improved performance.,8,1,0,0,8
Games,Stay updated with the latest news in a user-friendly interface.,10,1,0,0,10
Entertainment,Stay updated with the latest news in a user-friendly interface.,10,1,0,0,10
News,This release includes new social sharing features.,7,1,0,0,7
Social,Enhance your entertainment experience with improved streaming quality.,8,1,0,0,8
Social,This release includes new social sharing features.,7,1,0,0,7
Entertainment,Enjoy the latest entertainment content with improved performance.,8,1,0,0,8
Games,New in-app social networking features for better user engagement.,9,1,0,0,9
Games,This release includes new social sharing features.,7,1,0,0,7
Productivity,Bug fixes and performance enhancements for a better gaming experience.,10,1,0,1,10
News,Increase your productivity with our new time management tools.,9,1,0,0,9
Games,New in-app social networking features for better user engagement.,9,1,0,0,9
Games,Productivity boost with new task management features.,7,1,0,0,7
Productivity,Enjoy the latest entertainment content with improved performance.,8,1,0,0,8
Entertainment,Stay informed with the latest news and breaking stories.,9,1,0,0,9
Games,Increase your productivity with our new time management tools.,9,1,0,0,9
Social,Bug fixes and performance enhancements for a better gaming experience.,10,1,0,1,10
News,Enjoy the latest entertainment content with improved performance.,8,1,0,0,8
Social,Enjoy the latest entertainment content with improved performance.,8,1,0,0,8
News,Enjoy the latest entertainment content with improved performance.,8,1,0,0,8
Social,Enhance your entertainment experience with improved streaming quality.,8,1,0,0,8
Productivity,Stay updated with the latest news in a user-friendly interface.,10,1,0,0,10
Entertainment,Stay updated with the latest news in a user-friendly interface.,10,1,0,0,10
Entertainment,Increase your productivity with our new time management tools.,9,1,0,0,9
News,Stay informed with the latest news and breaking stories.,9,1,0,0,9
Games,Increase your productivity with our new time management tools.,9,1,0,0,9
Social,Enjoy the latest entertainment content with improved performance.,8,1,0,0,8
Entertainment,Get ready for the ultimate gaming experience with bug fixes.,10,1,0,1,10
Social,Get ready for the ultimate gaming experience with bug fixes.,10,1,0,1,10
Entertainment,Bug fixes and performance enhancements for a better gaming experience.,10,1,0,1,10
News,Stay updated with the latest news in a user-friendly interface.,10,1,0,0,10
Entertainment,Stay informed with the latest news and breaking stories.,9,1,0,0,9
Games,New in-app social networking features for better user engagement.,9,1,0,0,9
Entertainment,This release includes new social sharing features.,7,1,0,0,7
Productivity,Productivity boost with new task management features.,7,1,0,0,7
Games,Enjoy the latest entertainment content with improved performance.,8,1,0,0,8
News,New in-app social networking features for better user engagement.,9,1,0,0,9
Entertainment,Stay updated with the latest news in a user-friendly interface.,10,1,0,0,10
Games,Bug fixes and performance enhancements for a better gaming experience.,10,1,0,1,10
Entertainment,Productivity boost with new task management features.,7,1,0,0,7
Games,This release includes new social sharing features.,7,1,0,0,7
Entertainment,Productivity boost with new task management features.,7,1,0,0,7
Productivity,Stay updated with the latest news in a user-friendly interface.,10,1,0,0,10
Social,Productivity boost with new task management features.,7,1,0,0,7
News,Productivity boost with new task management features.,7,1,0,0,7
News,New in-app social networking features for better user engagement.,9,1,0,0,9
Social,Enhance your entertainment experience with improved streaming quality.,8,1,0,0,8
News,Bug fixes and performance enhancements for a better gaming experience.,10,1,0,1,10
Productivity,Stay informed with the latest news and breaking stories.,9,1,0,0,9
Games,Enhance your entertainment experience with improved streaming quality.,8,1,0,0,8
Social,Stay informed with the latest news and breaking stories.,9,1,0,0,9
Entertainment,This release includes new social sharing features.,7,1,0,0,7
Games,Enhance your entertainment experience with improved streaming quality.,8,1,0,0,8
Games,Enhance your entertainment experience with improved streaming quality.,8,1,0,0,8
News,Enjoy the latest entertainment content with improved performance.,8,1,0,0,8
Games,New in-app social networking features for better user engagement.,9,1,0,0,9
Social,Increase your productivity with our new time management tools.,9,1,0,0,9
Games,Enjoy the latest entertainment content with improved performance.,8,1,0,0,8
News,Stay informed with the latest news and breaking stories.,9,1,0,0,9
Productivity,This release includes new social sharing features.,7,1,0,0,7
News,New in-app social networking features for better user engagement.,9,1,0,0,9
Entertainment,This release includes new social sharing features.,7,1,0,0,7
Entertainment,Productivity boost with new task management features.,7,1,0,0,7
Social,Productivity boost with new task management features.,7,1,0,0,7
Productivity,Enhance your entertainment experience with improved streaming quality.,8,1,0,0,8
Games,Get ready for the ultimate gaming experience with bug fixes.,10,1,0,1,10
News,This release includes new social sharing features.,7,1,0,0,7
Games,Get ready for the ultimate gaming experience with bug fixes.,10,1,0,1,10
Social,Enhance your entertainment experience with improved streaming quality.,8,1,0,0,8
Entertainment,New in-app social networking features for better user engagement.,9,1,0,0,9
News,Enjoy the latest entertainment content with improved performance.,8,1,0,0,8
Social,Enjoy the latest entertainment content with improved performance.,8,1,0,0,8
Entertainment,Stay informed with the latest news and breaking stories.,9,1,0,0,9
Entertainment,Get ready for the ultimate gaming experience with bug fixes.,10,1,0,1,10
Entertainment,Productivity boost with new task management features.,7,1,0,0,7
Entertainment,New in-app social networking features for better user engagement.,9,1,0,0,9
Games,Stay informed with the latest news and breaking stories.,9,1,0,0,9
Productivity,Get ready for the ultimate gaming experience with bug fixes.,10,1,0,1,10
Entertainment,Stay informed with the latest news and breaking stories.,9,1,0,0,9
News,Productivity boost with new task management features.,7,1,0,0,7
Entertainment,Get ready for the ultimate gaming experience with bug fixes.,10,1,0,1,10
News,Stay informed with the latest news and breaking stories.,9,1,0,0,9
Social,Bug fixes and performance enhancements for a better gaming experience.,10,1,0,1,10
News,Stay informed with the latest news and breaking stories.,9,1,0,0,9
Social,Enjoy the latest entertainment content with improved performance.,8,1,0,0,8
Productivity,Increase your productivity with our new time management tools.,9,1,0,0,9
Games,New in-app social networking features for better user engagement.,9,1,0,0,9
Productivity,New in-app social networking features for better user engagement.,9,1,0,0,9
Games,Productivity boost with new task management features.,7,1,0,0,7
Productivity,This release includes new social sharing features.,7,1,0,0,7
Social,Enjoy the latest entertainment content with improved performance.,8,1,0,0,8
News,Increase your productivity with our new time management tools.,9,1,0,0,9
Social,New in-app social networking features for better user engagement.,9,1,0,0,9
Productivity,Bug fixes and performance enhancements for a better gaming experience.,10,1,0,1,10
Entertainment,Enjoy the latest entertainment content with improved performance.,8,1,0,0,8
Entertainment,Stay informed with the latest news and breaking stories.,9,1,0,0,9
Entertainment,Bug fixes and performance enhancements for a better gaming experience.,10,1,0,1,10
News,This release includes new social sharing features.,7,1,0,0,7
Games,Productivity boost with new task management features.,7,1,0,0,7
Productivity,This release includes new social sharing features.,7,1,0,0,7
Games,Stay informed with the latest news and breaking stories.,9,1,0,0,9
Games,Increase your productivity with our new time management tools.,9,1,0,0,9
News,This release includes new social sharing features.,7,1,0,0,7
Productivity,Stay updated with the latest news in a user-friendly interface.,10,1,0,0,10
Games,New in-app social networking features for better user engagement.,9,1,0,0,9
Productivity,Bug fixes and performance enhancements for a better gaming experience.,10,1,0,1,10
Social,Enjoy the latest entertainment content with improved performance.,8,1,0,0,8
Entertainment,Productivity boost with new task management features.,7,1,0,0,7
News,Get ready for the ultimate gaming experience with bug fixes.,10,1,0,1,10
Social,Increase your productivity with our new time management tools.,9,1,0,0,9
Entertainment,Productivity boost with new task management features.,7,1,0,0,7
News,Enhance your entertainment experience with improved streaming quality.,8,1,0,0,8
Productivity,New in-app social networking features for better user engagement.,9,1,0,0,9
Social,Bug fixes and performance enhancements for a better gaming experience.,10,1,0,1,10
Social,Productivity boost with new task management features.,7,1,0,0,7
Productivity,Stay informed with the latest news and breaking stories.,9,1,0,0,9
Productivity,Stay updated with the latest news in a user-friendly interface.,10,1,0,0,10
News,Productivity boost with new task management features.,7,1,0,0,7
News,Enjoy the latest entertainment content with improved performance.,8,1,0,0,8
News,Bug fixes and performance enhancements for a better gaming experience.,10,1,0,1,10
Entertainment,Bug fixes and performance enhancements for a better gaming experience.,10,1,0,1,10
News,Stay informed with the latest news and breaking stories.,9,1,0,0,9
Entertainment,Bug fixes and performance enhancements for a better gaming experience.,10,1,0,1,10
Social,Get ready for the ultimate gaming experience with bug fixes.,10,1,0,1,10
Games,Stay updated with the latest news in a user-friendly interface.,10,1,0,0,10
Entertainment,This release includes new social sharing features.,7,1,0,0,7
Social,This release includes new social sharing features.,7,1,0,0,7
News,Productivity boost with new task management features.,7,1,0,0,7
Games,New in-app social networking features for better user engagement.,9,1,0,0,9
Productivity,Stay updated with the latest news in a user-friendly interface.,10,1,0,0,10
Entertainment,Enjoy the latest entertainment content with improved performance.,8,1,0,0,8
Productivity,Enjoy the latest entertainment content with improved performance.,8,1,0,0,8
Productivity,Enhance your entertainment experience with improved streaming quality.,8,1,0,0,8
Productivity,New in-app social networking features for better user engagement.,9,1,0,0,9
Social,Bug fixes and performance enhancements for a better gaming experience.,10,1,0,1,10
Productivity,Enhance your entertainment experience with improved streaming quality.,8,1,0,0,8
Social,Enhance your entertainment experience with improved streaming quality.,8,1,0,0,8
Social,This release includes new social sharing features.,7,1,0,0,7
Social,Enjoy the latest entertainment content with improved performance.,8,1,0,0,8
Social,Bug fixes and performance enhancements for a better gaming experience.,10,1,0,1,10
Games,Get ready for the ultimate gaming experience with bug fixes.,10,1,0,1,10
Social,This release includes new social sharing features.,7,1,0,0,7
Games,Increase your productivity with our new time management tools.,9,1,0,0,9
Entertainment,Stay updated with the latest news in a user-friendly interface.,10,1,0,0,10
Productivity,Stay updated with the latest news in a user-friendly interface.,10,1,0,0,10
Games,Enjoy the latest entertainment content with improved performance.,8,1,0,0,8
Productivity,Enjoy the latest entertainment content with improved performance.,8,1,0,0,8
Games,Enjoy the latest entertainment content with improved performance.,8,1,0,0,8
Entertainment,Enjoy the latest entertainment content with improved performance.,8,1,0,0,8
Productivity,This release includes new social sharing features.,7,1,0,0,7
Social,Productivity boost with new task management features.,7,1,0,0,7
Social,Bug fixes and performance enhancements for a better gaming experience.,10,1,0,1,10
Productivity,Get ready for the ultimate gaming experience with bug fixes.,10,1,0,1,10
News,Stay updated with the latest news in a user-friendly interface.,10,1,0,0,10
News,Productivity boost with new task management features.,7,1,0,0,7
News,Stay informed with the latest news and breaking stories.,9,1,0,0,9
Entertainment,Stay informed with the latest news and breaking stories.,9,1,0,0,9
Entertainment,New in-app social networking features for better user engagement.,9,1,0,0,9
News,Productivity boost with new task management features.,7,1,0,0,7
Social,Get ready for the ultimate gaming experience with bug fixes.,10,1,0,1,10
Social,Enhance your entertainment experience with improved streaming quality.,8,1,0,0,8
Social,Productivity boost with new task management features.,7,1,0,0,7
Entertainment,Productivity boost with new task management features.,7,1,0,0,7
Games,This release includes new social sharing features.,7,1,0,0,7
Games,Stay informed with the latest news and breaking stories.,9,1,0,0,9
Entertainment,Enhance your entertainment experience with improved streaming quality.,8,1,0,0,8
News,Get ready for the ultimate gaming experience with bug fixes.,10,1,0,1,10
Productivity,Increase your productivity with our new time management tools.,9,1,0,0,9
Social,Stay informed with the latest news and breaking stories.,9,1,0,0,9
News,Bug fixes and performance enhancements for a better gaming experience.,10,1,0,1,10
News,Get ready for the ultimate gaming experience with bug fixes.,10,1,0,1,10
Social,Bug fixes and performance enhancements for a better gaming experience.,10,1,0,1,10
Social,Productivity boost with new task management features.,7,1,0,0,7
Entertainment,Enjoy the latest entertainment content with improved performance.,8,1,0,0,8
Games,Stay informed with the latest news and breaking stories.,9,1,0,0,9
News,Enhance your entertainment experience with improved streaming quality.,8,1,0,0,8
Productivity,This release includes new social sharing features.,7,1,0,0,7
Social,Enjoy the latest entertainment content with improved performance.,8,1,0,0,8
Social,New in-app social networking features for better user engagement.,9,1,0,0,9
Entertainment,Productivity boost with new task management features.,7,1,0,0,7
Games,Bug fixes and performance enhancements for a better gaming experience.,10,1,0,1,10
Games,New in-app social networking features for better user engagement.,9,1,0,0,9
Productivity,Productivity boost with new task management features.,7,1,0,0,7
Productivity,Increase your productivity with our new time management tools.,9,1,0,0,9
Entertainment,Enjoy the latest entertainment content with improved performance.,8,1,0,0,8
Games,Productivity boost with new task management features.,7,1,0,0,7
Productivity,Productivity boost with new task management features.,7,1,0,0,7
Games,Productivity boost with new task management features.,7,1,0,0,7
Games,Stay informed with the latest news and breaking stories.,9,1,0,0,9
News,Bug fixes and performance enhancements for a better gaming experience.,10,1,0,1,10
Entertainment,Increase your productivity with our new time management tools.,9,1,0,0,9
Games,Enjoy the latest entertainment content with improved performance.,8,1,0,0,8
News,Enjoy the latest entertainment content with improved performance.,8,1,0,0,8
Entertainment,Increase your productivity with our new time management tools.,9,1,0,0,9
Social,New in-app social networking features for better user engagement.,9,1,0,0,9
Games,Get ready for the ultimate gaming experience with bug fixes.,10,1,0,1,10
News,Stay informed with the latest news and breaking stories.,9,1,0,0,9
Entertainment,Increase your productivity with our new time management tools.,9,1,0,0,9
Games,Enhance your entertainment experience with improved streaming quality.,8,1,0,0,8
Entertainment,New in-app social networking features for better user engagement.,9,1,0,0,9
Games,Enjoy the latest entertainment content with improved performance.,8,1,0,0,8
News,This release includes new social sharing features.,7,1,0,0,7
Social,Stay informed with the latest news and breaking stories.,9,1,0,0,9
News,Bug fixes and performance enhancements for a better gaming experience.,10,1,0,1,10
News,Bug fixes and performance enhancements for a better gaming experience.,10,1,0,1,10
Games,Stay updated with the latest news in a user-friendly interface.,10,1,0,0,10
Social,This release includes new social sharing features.,7,1,0,0,7
Games,Bug fixes and performance enhancements for a better gaming experience.,10,1,0,1,10
Entertainment,Stay updated with the latest news in a user-friendly interface.,10,1,0,0,10
Games,Increase your productivity with our new time management tools.,9,1,0,0,9
Entertainment,Enjoy the latest entertainment content with improved performance.,8,1,0,0,8
News,Get ready for the ultimate gaming experience with bug fixes.,10,1,0,1,10
News,This release includes new social sharing features.,7,1,0,0,7
Social,This release includes new social sharing features.,7,1,0,0,7
Entertainment,This release includes new social sharing features.,7,1,0,0,7
News,Get ready for the ultimate gaming experience with bug fixes.,10,1,0,1,10
News,Stay informed with the latest news and breaking stories.,9,1,0,0,9
Entertainment,Productivity boost with new task management features.,7,1,0,0,7
Games,Productivity boost with new task management features.,7,1,0,0,7
Games,New in-app social networking features for better user engagement.,9,1,0,0,9
Productivity,Bug fixes and performance enhancements for a better gaming experience.,10,1,0,1,10
News,Productivity boost with new task management features.,7,1,0,0,7
Entertainment,Increase your productivity with our new time management tools.,9,1,0,0,9
Games,Increase your productivity with our new time management tools.,9,1,0,0,9
News,Stay informed with the latest news and breaking stories.,9,1,0,0,9
Entertainment,This release includes new social sharing features.,7,1,0,0,7
Games,This release includes new social sharing features.,7,1,0,0,7
News,Increase your productivity with our new time management tools.,9,1,0,0,9
Productivity,Stay informed with the latest news and breaking stories.,9,1,0,0,9
Games,This release includes new social sharing features.,7,1,0,0,7
Productivity,Increase your productivity with our new time management tools.,9,1,0,0,9
Productivity,Productivity boost with new task management features.,7,1,0,0,7
Social,Stay informed with the latest news and breaking stories.,9,1,0,0,9
Productivity,Stay updated with the latest news in a user-friendly interface.,10,1,0,0,10
Entertainment,This release includes new social sharing features.,7,1,0,0,7
Social,Stay updated with the latest news in a user-friendly interface.,10,1,0,0,10
Social,Enhance your entertainment experience with improved streaming quality.,8,1,0,0,8
Games,Stay updated with the latest news in a user-friendly interface.,10,1,0,0,10
News,This release includes new social sharing features.,7,1,0,0,7
News,Bug fixes and performance enhancements for a better gaming experience.,10,1,0,1,10
Productivity,Productivity boost with new task management features.,7,1,0,0,7
Games,Increase your productivity with our new time management tools.,9,1,0,0,9
News,Stay informed with the latest news and breaking stories.,9,1,0,0,9
Productivity,Productivity boost with new task management features.,7,1,0,0,7
Productivity,Stay updated with the latest news in a user-friendly interface.,10,1,0,0,10
Productivity,Enjoy the latest entertainment content with improved performance.,8,1,0,0,8
Social,Enjoy the latest entertainment content with improved performance.,8,1,0,0,8
Social,Stay informed with the latest news and breaking stories.,9,1,0,0,9
Productivity,This release includes new social sharing features.,7,1,0,0,7
Games,Bug fixes and performance enhancements for a better gaming experience.,10,1,0,1,10
Social,Bug fixes and performance enhancements for a better gaming experience.,10,1,0,1,10
News,Enjoy the latest entertainment content with improved performance.,8,1,0,0,8
Social,This release includes new social sharing features.,7,1,0,0,7
Productivity,Enhance your entertainment experience with improved streaming quality.,8,1,0,0,8
News,New in-app social networking features for better user engagement.,9,1,0,0,9
Games,Productivity boost with new task management features.,7,1,0,0,7
News,Bug fixes and performance enhancements for a better gaming experience.,10,1,0,1,10
Entertainment,Productivity boost with new task management features.,7,1,0,0,7
News,This release includes new social sharing features.,7,1,0,0,7
Productivity,Stay updated with the latest news in a user-friendly interface.,10,1,0,0,10
Games,Productivity boost with new task management features.,7,1,0,0,7
Social,Enjoy the latest entertainment content with improved performance.,8,1,0,0,8
News,Stay informed with the latest news and breaking stories.,9,1,0,0,9
Entertainment,Productivity boost with new task management features.,7,1,0,0,7
Productivity,Enjoy the latest entertainment content with improved performance.,8,1,0,0,8
Social,This release includes new social sharing features.,7,1,0,0,7
Productivity,New in-app social networking features for better user engagement.,9,1,0,0,9
News,Bug fixes and performance enhancements for a better gaming experience.,10,1,0,1,10
Games,Increase your productivity with our new time management tools.,9,1,0,0,9
Games,Get ready for the ultimate gaming experience with bug fixes.,10,1,0,1,10
News,Stay informed with the latest news and breaking stories.,9,1,0,0,9
News,Increase your productivity with our new time management tools.,9,1,0,0,9
Social,Enhance your entertainment experience with improved streaming quality.,8,1,0,0,8
Social,Stay informed with the latest news and breaking stories.,9,1,0,0,9
News,This release includes new social sharing features.,7,1,0,0,7
Games,Stay informed with the latest news and breaking stories.,9,1,0,0,9
Productivity,Productivity boost with new task management features.,7,1,0,0,7
Social,This release includes new social sharing features.,7,1,0,0,7
Productivity,Increase your productivity with our new time management tools.,9,1,0,0,9
News,Get ready for the ultimate gaming experience with bug fixes.,10,1,0,1,10
News,Increase your productivity with our new time management tools.,9,1,0,0,9
Games,Increase your productivity with our new time management tools.,9,1,0,0,9
Productivity,Increase your productivity with our new time management tools.,9,1,0,0,9
Entertainment,This release includes new social sharing features.,7,1,0,0,7
Social,Increase your productivity with our new time management tools.,9,1,0,0,9
Entertainment,This release includes new social sharing features.,7,1,0,0,7
Entertainment,New in-app social networking features for better user engagement.,9,1,0,0,9
Entertainment,Stay updated with the latest news in a user-friendly interface.,10,1,0,0,10
Social,New in-app social networking features for better user engagement.,9,1,0,0,9
Social,Enhance your entertainment experience with improved streaming quality.,8,1,0,0,8
Games,This release includes new social sharing features.,7,1,0,0,7
Entertainment,Productivity boost with new task management features.,7,1,0,0,7
Social,Enhance your entertainment experience with improved streaming quality.,8,1,0,0,8
News,Get ready for the ultimate gaming experience with bug fixes.,10,1,0,1,10
Social,Enjoy the latest entertainment content with improved performance.,8,1,0,0,8
News,This release includes new social sharing features.,7,1,0,0,7
Entertainment,Enhance your entertainment experience with improved streaming quality.,8,1,0,0,8
Entertainment,This release includes new social sharing features.,7,1,0,0,7
Entertainment,Enjoy the latest entertainment content with improved performance.,8,1,0,0,8
